PDBID,PROTEIN ATOMS,NUCLEIC ACID ATOMS,HETEROGEN ATOMS,SOLVENT ATOMS
2OVO,418,0,0,31
1PGA,436,0,0,20
1PGB,436,0,0,24
2QMT,438,0,13,143
4PTI,454,0,0,60
1BPI,460,0,11,166
1IGD,468,0,0,120
2IGD,468,0,0,106
3EBX,475,0,5,111
1BF4,502,322,0,114
1C8C,506,324,0,157
1BNZ,510,322,0,99
2CI2,521,0,0,64
2ZTA,524,0,0,52
1CA5,525,322,0,102
1AZP,533,322,0,132
1IGV,596,0,1,39
1IG5,596,0,1,50
3ICB,600,0,7,36
1UBQ,602,0,0,58
4ICB,605,0,2,57
1POH,640,0,10,89
1BEO,717,0,0,66
3SSI,722,0,0,31
9RNT,779,0,1,121
1RGA,781,0,45,142
1I0V,819,0,49,131
1ERU,821,0,0,36
1ERT,821,0,0,46
1FNA,826,0,0,0
1HRC,826,0,43,124
1D0D,943,0,15,124
9RAT,951,0,0,0
1RNZ,951,0,3,95
7RSA,951,0,5,188
3RN3,951,0,5,107
3SRN,951,0,5,133
1KXI,974,0,0,73
1LZ3,994,0,0,75
135L,994,0,0,114
2LZT,1001,0,20,249
6LYZ,1001,0,0,101
1NFN,1008,0,0,156
4LZT,1020,0,24,139
1LZ1,1029,0,0,0
1KF3,1047,0,5,246
1STN,1091,0,0,83
1STG,1102,0,26,51
1EY0,1122,0,0,82
1DWR,1194,0,55,132
1YMB,1199,0,48,154
1GS9,1210,0,0,223
1DUK,1212,0,43,12
4MBN,1217,0,45,121
2MB5,1217,0,55,89
2RN2,1238,0,0,225
1RDD,1238,0,1,35
1WLA,1242,0,0,74
1GOA,1242,0,0,92
1MBC,1244,0,51,137
1Z12,1255,0,5,0
1DG9,1256,0,15,0
1B2V,1256,0,44,176
1PNT,1256,0,5,0
2CPL,1258,0,0,119
1LSE,1265,0,0,297
1EH6,1272,0,1,153
2LZM,1309,0,0,118
1L54,1310,0,0,152
1A6K,1324,0,53,185
1A6M,1336,0,55,186
1P5F,1370,0,0,252
1DIV,1435,0,0,0
1HV1,1444,0,0,177
1BCX,1445,0,24,144
1HV0,1447,0,0,197
1XNB,1448,0,5,154
1RGG,1490,0,0,338
1LNI,1492,0,23,557
3FX5,1512,0,64,470
1HPX,1516,0,46,6
1CDC,1518,0,0,110
2TGA,1629,0,1,93
1PPO,1641,0,1,133
2TRX,1644,0,58,140
1PPN,1655,0,3,226
1EX3,1799,0,0,42
1LYS,2002,0,0,215
1PPF,2054,0,192,272
1HHO,2192,0,95,109
2HNP,2270,0,0,0
1JBB,2344,0,0,131
1GYM,2422,0,23,127
2SNI,2451,0,2,168
1XSN,2479,425,47,327
1BNI,2547,0,0,216
1BNJ,2581,0,0,219
1B2X,2593,0,1,380
1A2P,2624,0,3,415
1HNG,2796,0,0,0
1QLP,2956,0,0,106
1DSB,2956,0,0,195
1PTD,2991,0,0,52
1BVI,3108,0,122,242
1H4G,3263,0,51,606
1QH7,3270,0,20,611
3NBS,3292,0,222,262
6GST,3636,0,40,420
1YPH,3657,0,25,606
1YPI,3766,0,0,119
5TIM,3766,0,18,279
1TRE,3771,0,0,172
1IGC,3772,0,0,345
1THE,3862,0,70,238
1YPT,4290,0,0,65
4HHB,4384,0,174,221
1BHC,4490,0,30,118
4MA9,7102,0,32,503
1FEZ,8164,0,14,16
1I0E,11608,0,0,0